DatabaseClass text primary key,Speed1_kts numeric,SL1 numeric,Speed2_kts numeric,SL2 numeric,Speed3_kts numeric,SL3 numeric,Speed4_kts numeric,SL4 numeric,SpeedMinNL_kts numeric,NL_min numeric,SpeedMaxNL_kts numeric,NL_max numeric,CavitationOffset_kts numeric,CavitationSlope_ktsperft numeric,CavitationSL numeric,SnorkelingSL numeric
"Default","0","100","5","100","20","120","30","140","5","70","20","100","6","0.56","150","150"
"Noisemaker 130","0","130","5","130","20","130","30","130","5","60","20","60","0","0","130","130"
"Noisemaker 140","0","140","5","140","20","140","30","140","5","60","20","60","0","0","140","140"
"Noisemaker 150","0","150","5","150","20","150","30","150","5","60","20","60","0","0","150","150"
"Noisemaker 160","0","160","5","160","20","160","30","160","5","60","20","60","0","0","160","160"
"Noisemaker 170","0","170","5","170","20","170","30","170","5","60","20","60","0","0","170","170"
"Noisemaker 180","0","180","5","180","20","180","30","180","5","60","20","60","0","0","180","180"
"Mine","0","-99","5","-99","20","-99","30","-99","5","60","20","60","99","0.56","-99","-99"
"Ship1","0","105","5","105","10","110","30","122","5","65","30","85","99","0.05","85","85"
"Ship2","0","115","5","115","10","120","30","137","5","75","30","100","99","0.05","100","100"
"Ship3","0","130","5","130","10","135","30","152","5","85","30","120","99","0.05","120","120"
"Sonobuoy","0","0","5","0","20","0","30","0","5","0","20","0","6","0.56","150","150"
"Torpedo1","0","130","5","130","10","132","50","152","20","70","50","90","99","0.05","100","100"
"Torpedo2","0","135","5","135","10","137","50","157","20","75","50","95","99","0.05","105","105"
"Torpedo3","0","140","5","140","10","142","50","162","20","80","50","100","99","0.05","110","110"
"TorpedoQuietRunout","0","85","35","100","50","135","99","135","20","70","50","100","99","0.05","100","100"
"Ohio SSGN","0","75.3","8.4","79.71","22.4","87","28","105","8","49.5","28","99.5","12.7","0.028","161.3","117"
"Ohio","0","82.6","7.5","87.22","20","95","25","114","8","50","28","100","12.7","0.028","161.3","126"
"Pr 885 Yasen","0","85.4","8.4","90.68","22.4","100","28","117","10","49","28","99","13.4","0.029","161.5","129"
"Gotland","0","90.7","6","98.29","16","113","20","119.5","11","46","20","96","12.22","0.028","162.2","134.5"
"Pr 877V","0","90.7","5.1","98.89","13.6","115","17","120.5","8","48.5","20","98.5","13.93","0.03","161.9","132.5"
"Sea Wolf","0","82","10.5","86.5","28","94","35","121","12","46","40","96","13.87","0.032","162","133"
"Type 212","0","90.7","6","98.89","16","115","20","122.5","11","46","20","96","12.22","0.028","162.2","134.5"
"Sodermanland","0","90.9","6","98.88","16","114.5","20","122.6","11","46","20","96","12.22","0.026","162.2","134.5"
"Pr 636","0","90.6","5.1","98.61","13.6","114.3","17","122.6","8","48.04","20","98.04","11.82","0.025","162.3","134.6"
"Collins SSK","0","90.6","7.5","98.67","20","114.5","25","122.9","8","46.5","28","96.5","13.54","0.03","162.3","134.9"
"LA Improved","0","86.7","9.6","92.49","25.6","103","32","123","10","48.5","32","98.5","13.18","0.029","162.3","135"
"Harushio","0","90.9","6","99.21","16","115.6","20","123.8","7","46.5","20","96.5","13.54","0.026","162.5","135.8"
"Trafalgar","0","87.7","9.6","93.94","25.6","105.5","32","125","10","48","32","98","13.02","0.027","162.7","137"
"VasterGotland","0","91","6","99.55","16","116.5","20","125.6","11","46","20","96","12.22","0.026","162.2","134.5"
"Hai lung","0","91.1","6","99.62","16","116.5","20","125.7","4","51","20","101","10.74","0.016","162.8","137.7"
"LA(85)","0","87.9","9.6","94.23","25.6","106","32","126","9","49.5","32","99.5","12.88","0.028","162.9","138"
"Pr 877M","0","91.5","5.1","100.29","13.6","117.8","17","126.8","8","48.5","20","98.5","11.81","0.022","163","138.8"
"Yushio","0","91.5","6","100.35","16","118","20","127.1","6","47","20","97","13.18","0.025","163.1","139.1"
"Pr 877E","0","91.5","5.1","100.35","13.6","118","17","127.8","8","48.5","24","98.5","12","0.022","163.2","139.8"
"Pr 971A Shchuka-B","0","88.9","10.5","95.83","28","109","35","128","9","49","36","99","13.05","0.026","163.3","140"
"Type 206","0","91.9","5.1","101.02","13.6","119.3","17","128.6","7","47","17","97.5","12.22","0.026","163.4","140.6"
"Pijao SSK","0","91.9","6","101.05","16","119.4","20","129","7","47.5","24","97.5","12.88","0.016","163.5","141"
"Sabalo SSK","0","91.9","6","101.05","16","119.4","20","129","7","47.5","24","97.5","12.88","0.016","163.5","141"
"Hai Shih","0","91.9","4.5","101.08","12","119.5","15","129.2","4","51","16","101","10.74","0.015","163.5","141.2"
"Pr 971 Shchuka-B(92)","0","89.4","10.5","96.63","28","110.5","35","130","8","50.5","36","100.5","12.35","0.025","163.7","142"
"Rubis AMETHYSTE","0","88.6","8.1","95.32","21.6","108","27","130","8","49","22","100","12.52","0.021","163.7","142"
"LA","0","89.6","9.6","96.92","25.6","111","32","131","8","49.5","32","99.5","12.7","0.028","163.9","143"
"Pr 945A kondor","0","89.4","10.5","96.63","28","110.5","35","131","7","50.75","36","100.75","11.72","0.023","163.9","143"
"Pr 945 barracuda","0","89.9","10.5","97.43","28","112","35","132","6","51","36","101","11.51","0.022","164.2","144"
"Pr 971 Shchuka-B","0","89.9","10.5","97.43","28","112","35","132","8","51.5","36","101.5","11.12","0.024","164.2","144"
"Kobben","0","92.4","5.1","102.09","13.6","121.7","17","133","6","47","20","97","12.74","0.02","164.4","145"
"Oberon","0","90.2","5.1","97.91","13.6","112.9","17","134.6","7","50.5","20","100.5","12.27","0.022","164.8","146.6"
"Pr 641B","0","92.7","4.5","102.66","12","122.9","15","134.7","5","52","16","102","12.04","0.018","164.8","146.7"
"La Fayette","0","92","8.5","110.8","20","120","25","136","7","50.75","28","100.75","11.61","0.024","165.2","148"
"Swiftsure","0","92.1","9.3","101.52","24.8","120.5","31","138.5","8","50.5","32","100.5","12.35","0.024","165.9","150.5"
"Pr 941 Akula","0","92.9","7.5","103.13","20","124","25","140","6","51.5","28","101.5","11.12","0.022","166.3","152"
"Pr 949","0","93.2","8.4","103.64","22.4","125","28","142","4","52","32","102","11","0.023","166.9","154"
"Pr 667BDRM","0","93.6","7.2","104.52","19.2","127","24","144","7","50.75","24","100.75","11.81","0.017","167.6","156"
"Pr 671RTMK","0","93.6","9","104.52","24","127","30","144","4","53","32","103","10.54","0.021","167.6","156"
"ethan allen","0","93.6","7","114.96","16.8","127","21","144","6","51","21","101","11.35","0.02","167.6","156"
"Sturgeon","0","94.2","8.4","105.84","22.4","130","28","146","7","50.75","28","100.75","11.81","0.022","168.2","158"
"Rubis","0","90.7","7.5","98.89","20","115","25","149","4","50.5","24","103","12.52","0.021","169.2","161"
"Type 053","0","95.9","4.5","110.03","12","140","15","150","4","55.5","15","106","8.55","0.02","169.6","162"
"thresher","0","94.9","8.5","118.94","20","134","25","152","6","51.1","25","101.25","11.26","0.02","170.3","164"
"Pr 670 SkatM","0","96.7","7.2","112.09","19.2","145","24","162.5","4","53.5","24","103.5","10.54","0.018","174.2","174.5"
"Pr 705 Lira","0","96.7","13.2","112.09","35.2","145","44","163","5","52","44","102","11.46","0.018","174.4","175"
"Pr 670 Skat","0","97","7.2","113.05","19.2","147.5","24","164","4","53.5","24","103.5","10.54","0.018","174.8","176"
"Pr 685 Plavnik","0","97.3","9","113.71","24","149","30","164","4","52","32","102","11","0.02","174.8","176"
"GW","0","96.8","8.5","124.88","20","146","25","164","5","51.3","25","101.25","10.87","0.02","174.8","176"
"Pr 667","0","98.5","7.8","117.52","20.8","158.9","26","165","6","51","27","101","11.51","0.017","175.2","177"
"Pr 667A","0","97.1","9","125.46","21.6","148","27","165","5","51","27","101","10.3","0.017","175.2","177"
"Pr 667AR","0","97.1","8.4","113.27","22.4","148","28","165.5","7","51","28","101","11.51","0.017","175.4","177.5"
"Pr 667BDR","0","97.1","7.2","113.27","19.2","148","24","165.5","4","52.5","24","102.5","10.87","0.016","175.4","177.5"
"Pr 671 Yorzh","0","97.1","9.3","113.27","24.8","148","31","165.5","4","54","32","104","10.54","0.016","175.4","177.5"
"skate","0","98.1","5.4","128.46","14.4","155","18","171","4","51.9","18","101.5","9.77","0.019","177.5","183"
"skipjack","0","97.1","10","127.86","24.8","148","31","171","5","51.6","31","101.4","10.3","0.019","177.5","183"
"Pr 658","0","99.5","7.8","120.77","20.8","167.4","26","172","5","57","26","104","11.17","0.016","177.8","184"
"Pr 659","0","99.5","7.8","120.77","20.8","167.4","26","172","5","57","26","104","11.17","0.016","177.8","184"
"Pr 627","0","98.5","10","129.1","24","159","30","172","4","51.5","30","102","8.55","0.015","177.8","184"
"Pr 633","0","98.8","3.9","118.36","10.4","161","13","173","5","55.5","16","106","8.55","0.015","178.2","185"
"Pr 641","0","98.8","4.5","118.36","12","161","15","173","4","55.5","15","106","8.55","0.015","178.2","185"
"S001.Merchant Small","2","109.5","9","118","18","135.5","36","144","0","60","36","100","100","0","0","0"
"S002.Merchant Medium","2","110","8.25","118.8","16.5","137.2","33","146","0","60","36","100","100","0","0","0"
"S003.Merchant Large","2","110.5","7.5","119.6","15","138.9","30","148","0","60","36","100","100","0","0","0"
"S004.Merchant Very Large","2","111","6","120.4","12","140.6","24","150","0","60","36","100","100","0","0","0"
"S01.Patrol Craft","4","108","15","112","30","124","60","128","0","54","60","94","100","0","0","0"
"S02.Frigate","4","106","10","109.96","20","121.84","40","125.8","0","53","40","93","100","0","0","0"
"S03.Frigate Silenced","6","103","10","106.96","20","118.84","40","122.8","0","52","40","92","100","0","0","0"
"S04.Destroyer","5","106.5","10","110.68","20","123.22","40","127.4","0","53.5","40","93.5","100","0","0","0"
"S05.Destroyer Silenced","7","103.5","10","107.68","20","120.22","40","124.4","0","52.5","40","92.5","100","0","0","0"
"S06.Cruiser","5","107","10","111.4","20","124.6","40","129","0","54","40","94","100","0","0","0"
"S07.Cruiser Silenced","7","104","10","108.4","20","121.6","40","126","0","53","40","93","100","0","0","0"
"S08.Large Cruiser","4","107.5","10","112.12","20","125.98","40","130.6","0","54.5","40","94.5","100","0","0","0"
"S09.Battle Cruiser","4","109","10","113.84","20","128.36","40","133.2","0","55","40","95","100","0","0","0"
"S10.Carrier Small","3","108.5","10","114","20","130.5","40","136","0","54","40","94","100","0","0","0"
"S11.Carrier Medium","3","109.5","10","115.44","20","133.26","40","139.2","0","55","40","95","100","0","0","0"
"S12.Carrier Large","2","112","10","117.72","20","134.88","40","140.6","0","56","40","96","100","0","0","0"
"S13.HoverCraft","10","120","15","120","30","120","60","120","0","60","60","100","100","0","0","0"
"S14.Passively Propelled","0","100","9","101.76","18","107.04","36","108.8","0","50","40","70","100","0","0","0"
"A Generic Diesel","0","98","5.3","104.8","13.3","116.8","21","127.1","6.1","48.6","21","98.6","6.5","0.032397","155.2","158.2"
"A Generic nuc","0","101.4","9.6","109.1","21.6","121.1","33","132.1","7.3","50.8","33","100.8","5.3","0.028751","166","169"
"A Biologic Dolphin","4","92.3","12","96.92","24","104","36","112","0","0","0","0","0","0","0","0"
"T1:very large torpedo","10","106","20","106","40","122","80","154","30","70","60","71","999","999","154","154"
"T2:large torpedo","10","105.5","20","105.5","40","120","80","149","30","70","60","71","999","999","149","149"
"T3:torpedo","10","105","20","105","40","118","80","144","30","70","60","71","999","999","144","144"
"T4:small torpedo","10","104.5","20","104.5","40","116","80","139","30","70","60","71","999","999","139","139"
"T5:very small torpedo","10","104","20","104","40","114","80","134","30","70","60","71","999","999","134","134"
"T6:Shkval","10","114","40","114","80","158","120","202","30","70","180","71","999","999","202","202"
"AN145","0","100","5.52","108.28","19.32","166.24","27.6","182.8","7.7","52.2","27.6","112.2","11","0.006","200.8","194.8"
"AN150","0","98.3","5.76","106.2488","20.16","161.8904","28.8","177.788","7.98","51.6","28.8","110","11.4","0.00655","195.788","189.788"
"AN155","0","96.6","6","104.2176","21","157.5408","30","172.776","8.26","51","30","107.8","11.8","0.0071","190.776","184.776"
"AN160","0","94.9","6.24","102.1885197","21.84","153.2081574","31.2","167.7851968","8.54","50.4","31.2","105.6","12.2","0.00765","185.7851968","179.7851968"
"AN165","0","93.2","6.48","100.1633396","22.68","148.9067166","32.4","162.8333957","8.82","49.8","32.4","103.4","12.6","0.0082","180.8333957","174.8333957"
"AN170","0","91.5","6.72","98.14354175","23.52","144.648334","33.6","157.9354175","9.1","49.2","33.6","101.2","13","0.00875","175.9354175","169.9354175"
"AN175","0","89.8","6.96","96.13034621","24.36","140.4427697","34.8","153.1034621","9.38","48.6","34.8","99","13.4","0.0093","171.1034621","165.1034621"
"AN180","0","88.1","7.2","94.12474329","25.2","136.2979463","36","148.3474329","9.66","48","36","96.8","13.8","0.00985","166.3474329","160.3474329"
"AN185","0","86.4","7.44","92.12752262","26.04","132.220181","37.2","143.6752262","9.94","47.4","37.2","94.6","14.2","0.0104","161.6752262","155.6752262"
"AN190","0","84.7","7.68","90.13929891","26.88","128.2143912","38.4","139.0929891","10.22","46.8","38.4","92.4","14.6","0.01095","157.0929891","151.0929891"
"AN195","0","83","7.92","88.16053484","27.72","124.2842787","39.6","134.6053484","10.5","46.2","39.6","90.2","15","0.0115","152.6053484","146.6053484"
"AN200","0","81.3","8.16","86.19156151","28.56","120.432492","40.8","130.2156151","10.78","45.6","40.8","88","15.4","0.01205","148.2156151","142.2156151"
"AN205","0","79.6","8.4","84.23259648","29.4","116.6607719","42","125.9259648","11.06","45","42","85.8","15.8","0.0126","143.9259648","137.9259648"
"AN210","0","77.9","8.64","82.28375987","30.24","112.970079","43.2","121.7375987","11.34","44.4","43.2","83.6","16.2","0.01315","139.7375987","133.7375987"
"AN215","0","76.2","8.88","80.3450885","31.08","109.360708","44.4","117.650885","11.62","43.8","44.4","81.4","16.6","0.0137","135.650885","129.650885"
"AK145","0","94","2.8","98.2","9.8","127.6","14","136","7.7","52.2","14","100.2","11","0.006","154","148"
"AK150","0","92.71","3.014","96.95974","10.549","126.70792","15.07","135.2074","7.98","51.6","15.07","99","11.4","0.00655","153.2074","147.2074"
"AK155","0","91.42","3.228","95.6983912","11.298","125.6471296","16.14","134.203912","8.26","51","16.14","97.8","11.8","0.0071","152.203912","146.203912"
"AK160","0","90.13","3.442","94.41830519","12.047","124.4364415","17.21","133.0130519","8.54","50.4","17.21","96.6","12.2","0.00765","151.0130519","145.0130519"
"AK165","0","88.84","3.656","93.1216273","12.796","123.0930184","18.28","131.656273","8.82","49.8","18.28","95.4","12.6","0.0082","149.656273","143.656273"
"AK170","0","87.55","3.87","91.81031285","13.545","121.6325028","19.35","130.1531285","9.1","49.2","19.35","94.2","13","0.00875","148.1531285","142.1531285"
"AK175","0","86.26","4.084","90.48614228","14.294","120.0691382","20.42","128.5214228","9.38","48.6","20.42","93","13.4","0.0093","146.5214228","140.5214228"
"AK180","0","84.97","4.298","89.15073505","15.043","118.4158804","21.49","126.7773505","9.66","48","21.49","91.8","13.8","0.00985","144.7773505","138.7773505"
"AK185","0","83.68","4.512","87.80556258","15.792","116.6845006","22.56","124.9356258","9.94","47.4","22.56","90.6","14.2","0.0104","142.9356258","136.9356258"
"AK190","0","82.39","4.726","86.45196015","16.541","114.8856812","23.63","123.0096015","10.22","46.8","23.63","89.4","14.6","0.01095","141.0096015","135.0096015"
"AK195","0","81.1","4.94","85.091138","17.29","113.029104","24.7","121.01138","10.5","46.2","24.7","88.2","15","0.0115","139.01138","133.01138"
"AK200","0","79.81","5.154","83.72419144","18.039","111.1235315","25.77","118.9519144","10.78","45.6","25.77","87","15.4","0.01205","136.9519144","130.9519144"
"AK205","0","78.52","5.368","82.35211037","18.788","109.176883","26.84","116.8411037","11.06","45","26.84","85.8","15.8","0.0126","134.8411037","128.8411037"
"AK210","0","77.23","5.582","80.97578795","19.537","107.1963036","27.91","114.6878795","11.34","44.4","27.91","84.6","16.2","0.01315","132.6878795","126.6878795"
"AK215","0","75.94","5.796","79.59602862","20.286","105.1882289","28.98","112.5002862","11.62","43.8","28.98","83.4","16.6","0.0137","130.5002862","124.5002862"
"BN145","0","100","5.52","108.556","19.32","168.448","27.6","185.56","7.7","52.2","27.6","112.2","11","0.006","203.56","197.56"
"BN150","0","98.3","5.78","106.506444","20.23","163.951552","28.9","180.36444","7.91","51.58","28.9","109.9","11.3","0.00662","198.36444","192.36444"
"BN155","0","96.6","6.04","104.4552423","21.14","159.4419382","30.2","175.1524227","8.12","50.96","30.2","107.6","11.6","0.00724","193.1524227","187.1524227"
"BN160","0","94.9","6.3","102.4051378","22.05","154.9411021","31.5","169.9513777","8.33","50.34","31.5","105.3","11.9","0.00786","187.9513777","181.9513777"
"BN165","0","93.2","6.56","100.3584242","22.96","150.4673938","32.8","164.7842423","8.54","49.72","32.8","103","12.2","0.00848","182.7842423","176.7842423"
"BN170","0","91.5","6.82","98.31700231","23.87","146.0360185","34.1","159.6700231","8.75","49.1","34.1","100.7","12.5","0.0091","177.6700231","171.6700231"
"BN175","0","89.8","7.08","96.28242943","24.78","141.6594355","35.4","154.6242943","8.96","48.48","35.4","98.4","12.8","0.00972","172.6242943","166.6242943"
"BN180","0","88.1","7.34","94.25596403","25.69","137.3477123","36.7","149.6596403","9.17","47.86","36.7","96.1","13.1","0.01034","167.6596403","161.6596403"
"BN185","0","86.4","7.6","92.2386048","26.6","133.1088384","38","144.786048","9.38","47.24","38","93.8","13.4","0.01096","162.786048","156.786048"
"BN190","0","84.7","7.86","90.23112543","27.51","128.9490034","39.3","140.0112543","9.59","46.62","39.3","91.5","13.7","0.01158","158.0112543","152.0112543"
"BN195","0","83","8.12","88.2341054","28.42","124.8728432","40.6","135.341054","9.8","46","40.6","89.2","14","0.0122","153.341054","147.341054"
"BN200","0","81.3","8.38","86.24795712","29.33","120.8836569","41.9","130.7795712","10.01","45.38","41.9","86.9","14.3","0.01282","148.7795712","142.7795712"
"BN205","0","79.6","8.64","84.2729499","30.24","116.9835992","43.2","126.329499","10.22","44.76","43.2","84.6","14.6","0.01344","144.329499","138.329499"
"BN210","0","77.9","8.9","82.30923111","31.15","113.1738488","44.5","121.9923111","10.43","44.14","44.5","82.3","14.9","0.01406","139.9923111","133.9923111"
"BN215","0","76.2","9.16","80.35684473","32.06","109.4547579","45.8","117.7684473","10.64","43.52","45.8","80","15.2","0.01468","135.7684473","129.7684473"
"BK145","0","95","2.8","99.34","9.8","129.72","14","138.4","7.7","52.2","14","100.2","11","0.007","156.4","150.4"
"BK150","0","93.68","3.014","98.071398","10.549","128.811184","15.07","137.59398","7.91","51.58","15.07","99","11.3","0.00762","155.59398","149.59398"
"BK155","0","92.36","3.228","96.78100424","11.298","127.7280339","16.14","136.5700424","8.12","50.96","16.14","97.8","11.6","0.00824","154.5700424","148.5700424"
"BK160","0","91.04","3.442","95.4712487","12.047","126.4899896","17.21","135.352487","8.33","50.34","17.21","96.6","11.9","0.00886","153.352487","147.352487"
"BK165","0","89.72","3.656","94.14434821","12.796","125.1147857","18.28","133.9634821","8.54","49.72","18.28","95.4","12.2","0.00948","151.9634821","145.9634821"
"BK170","0","88.4","3.87","92.80232328","13.545","123.6185862","19.35","132.4232328","8.75","49.1","19.35","94.2","12.5","0.0101","150.4232328","144.4232328"
"BK175","0","87.08","4.084","91.44701369","14.294","122.0161095","20.42","130.7501369","8.96","48.48","20.42","93","12.8","0.01072","148.7501369","142.7501369"
"BK180","0","85.76","4.298","90.08009288","15.043","120.3207431","21.49","128.9609288","9.17","47.86","21.49","91.8","13.1","0.01134","146.9609288","140.9609288"
"BK185","0","84.44","4.512","88.70308133","15.792","118.5446506","22.56","127.0708133","9.38","47.24","22.56","90.6","13.4","0.01196","145.0708133","139.0708133"
"BK190","0","83.12","4.726","87.31735882","16.541","116.6988706","23.63","125.0935882","9.59","46.62","23.63","89.4","13.7","0.01258","143.0935882","137.0935882"
"BK195","0","81.8","4.94","85.92417593","17.29","114.7934074","24.7","123.0417593","9.8","46","24.7","88.2","14","0.0132","141.0417593","135.0417593"
"BK200","0","80.48","5.154","84.52466449","18.039","112.8373159","25.77","120.9266449","10.01","45.38","25.77","87","14.3","0.01382","138.9266449","132.9266449"
"BK205","0","79.16","5.368","83.11984739","18.788","110.8387791","26.84","118.7584739","10.22","44.76","26.84","85.8","14.6","0.01444","136.7584739","130.7584739"
"BK210","0","77.84","5.582","81.71064755","19.537","108.8051804","27.91","116.5464755","10.43","44.14","27.91","84.6","14.9","0.01506","134.5464755","128.5464755"
"BK215","0","76.52","5.796","80.29789624","20.286","106.7431699","28.98","114.2989624","10.64","43.52","28.98","83.4","15.2","0.01568","132.2989624","126.2989624"
"CN160","0","100.7","5.06","109.4285","17.71","170.528","25.3","187.985","5.67","52","25.3","106.5","8.1","0.003","205.985","199.985"
"CN165","0","98.85","5.29","107.5189875","18.515","168.2019","26.45","185.539875","5.985","51.5","26.45","104.5","8.55","0.0035","203.539875","197.539875"
"CN170","0","97","5.52","105.593605","19.32","165.74884","27.6","182.93605","6.3","51","27.6","102.5","9","0.004","200.93605","194.93605"
"CN175","0","95.15","5.75","103.6540883","20.125","163.1827063","28.75","180.1908828","6.615","50.5","28.75","100.5","9.45","0.0045","198.1908828","192.1908828"
"CN180","0","93.3","5.98","101.7020392","20.93","160.5163138","29.9","177.3203922","6.93","50","29.9","98.5","9.9","0.005","195.3203922","189.3203922"
"CN185","0","91.45","6.21","97.74590935","21.735","141.8172748","31.05","154.4090935","7.245","49.5","31.05","96.5","10.35","0.0055","172.4090935","166.4090935"
"CN190","0","89.6","6.44","95.67016267","22.54","138.1613014","32.2","150.3016267","7.56","49","32.2","94.5","10.8","0.006","168.3016267","162.3016267"
"CN195","0","87.75","6.67","93.59178913","23.345","134.484313","33.35","146.1678913","7.875","48.5","33.35","92.5","11.25","0.006","164.1678913","158.1678913"
"CN200","0","85.9","6.9","91.51204961","24.15","130.7963969","34.5","142.0204961","8.19","48","34.5","90.5","11.7","0.006","160.0204961","154.0204961"
"CN205","0","84.05","7.13","89.43205438","24.955","127.1064351","35.65","137.8705438","8.505","47.5","35.65","88.5","12.15","0.006","155.8705438","149.8705438"
"CN210","0","82.2","7.36","87.35277719","25.76","123.4222175","36.8","133.7277719","8.82","47","36.8","86.5","12.6","0.006","151.7277719","145.7277719"
"CN215","0","80.35","7.59","85.27506818","26.565","119.7505455","37.95","129.6006818","9.135","46.5","37.95","84.5","13.05","0.006","147.6006818","141.6006818"
"CK160","0","96.74","3.34","101.917","11.69","138.156","16.7","148.51","5.67","52","16.7","106.5","8.1","0.003","166.51","160.51"
"CK165","0","95.62","3.57","100.93216","12.495","138.11728","17.85","148.7416","5.985","51.5","17.85","104.5","8.55","0.0035","166.7416","160.7416"
"CK170","0","94.5","3.8","99.928224","13.3","137.925792","19","148.78224","6.3","51","19","102.5","9","0.004","166.78224","160.78224"
"CK175","0","93.38","4.03","98.90650342","14.105","137.5920274","20.15","148.6450342","6.615","50.5","20.15","100.5","9.45","0.0045","166.6450342","160.6450342"
"CK180","0","92.26","4.26","97.86823534","14.91","137.1258827","21.3","148.3423534","6.93","50","21.3","98.5","9.9","0.005","166.3423534","160.3423534"
"CK185","0","91.14","4.49","95.41458629","15.715","125.3366903","22.45","133.8858629","7.245","49.5","22.45","96.5","10.35","0.0055","151.8858629","145.8858629"
"CK190","0","90.02","4.72","94.34665599","16.52","124.6332479","23.6","133.2865599","7.56","49","23.6","94.5","10.8","0.006","151.2865599","145.2865599"
"CK195","0","88.9","4.95","93.26548078","17.325","123.8238462","24.75","132.5548078","7.875","48.5","24.75","92.5","11.25","0.006","150.5548078","144.5548078"
"CK200","0","87.78","5.18","92.17203693","18.13","122.9162954","25.9","131.7003693","8.19","48","25.9","90.5","11.7","0.006","149.7003693","143.7003693"
"CK205","0","86.66","5.41","91.06724382","18.935","121.9179506","27.05","130.7324382","8.505","47.5","27.05","88.5","12.15","0.006","148.7324382","142.7324382"
"CK210","0","85.54","5.64","89.9519669","19.74","120.8357352","28.2","129.659669","8.82","47","28.2","86.5","12.6","0.006","147.659669","141.659669"
"CK215","0","84.42","5.87","88.82702055","20.545","119.6761644","29.35","128.4902055","9.135","46.5","29.35","84.5","13.05","0.006","146.4902055","140.4902055"
"FN145","0","102.5","5.52","111.608","19.32","175.364","27.6","193.58","7","52.2","27.6","112.2","10","0.005","211.58","205.58"
"FN150","0","100.7","5.76","109.4912","20.16","171.0296","28.8","188.612","7.14","51.59","28.8","109.95","10.2","0.00549","206.612","200.612"
"FN155","0","98.9","6","107.3706875","21","166.6655","30","183.606875","7.28","50.98","30","107.7","10.4","0.00598","201.606875","195.606875"
"FN160","0","97.1","6.24","105.2488014","21.84","162.290411","31.2","178.5880138","7.42","50.37","31.2","105.45","10.6","0.00647","196.5880138","190.5880138"
"FN165","0","95.3","6.48","103.1275506","22.68","157.9204044","32.4","173.5755055","7.56","49.76","32.4","103.2","10.8","0.00696","191.5755055","185.5755055"
"FN170","0","93.5","6.72","101.0086503","23.52","153.5692028","33.6","168.5865034","7.7","49.15","33.6","100.95","11","0.00745","186.5865034","180.5865034"
"FN175","0","91.7","6.96","98.8935552","24.36","149.2484416","34.8","163.635552","7.84","48.54","34.8","98.7","11.2","0.00794","181.635552","175.635552"
"FN180","0","89.9","7.2","96.78348816","25.2","144.9679053","36","158.7348816","7.98","47.93","36","96.45","11.4","0.00843","176.7348816","170.7348816"
"FN185","0","88.1","7.44","94.67946743","26.04","140.7357395","37.2","153.8946743","8.12","47.32","37.2","94.2","11.6","0.00892","171.8946743","165.8946743"
"FN190","0","86.3","7.68","92.5823302","26.88","136.5586416","38.4","149.123302","8.26","46.71","38.4","91.95","11.8","0.00941","167.123302","161.123302"
"FN195","0","84.5","7.92","90.49275404","27.72","132.4420323","39.6","144.4275404","8.4","46.1","39.6","89.7","12","0.0099","162.4275404","156.4275404"
"FN200","0","82.7","8.16","88.4112762","28.56","128.3902096","40.8","139.812762","8.54","45.49","40.8","87.45","12.2","0.01039","157.812762","151.812762"
"FN205","0","80.9","8.4","86.33831079","29.4","124.4064863","42","135.2831079","8.68","44.88","42","85.2","12.4","0.01088","153.2831079","147.2831079"
"FN210","0","79.1","8.64","84.27416427","30.24","120.4933141","43.2","130.8416427","8.82","44.27","43.2","82.95","12.6","0.01137","148.8416427","142.8416427"
"FN215","0","77.3","8.88","82.21904922","31.08","116.6523938","44.4","126.4904922","8.96","43.66","44.4","80.7","12.8","0.01186","144.4904922","138.4904922"
"FK145","0","96","2.7","100.455","9.45","131.64","13.5","140.55","7","52.2","13.5","100.2","10","0.005","158.55","152.55"
"FK150","0","94.64","2.912","99.1661216","10.192","130.8489728","14.56","139.901216","7.14","51.59","14.56","99.02","10.2","0.00549","157.901216","151.901216"
"FK155","0","93.28","3.124","97.85400647","10.934","129.8720518","15.62","139.0200647","7.28","50.98","15.62","97.84","10.4","0.00598","157.0200647","151.0200647"
"FK160","0","91.92","3.336","96.52111083","11.676","128.7288866","16.68","137.9311083","7.42","50.37","16.68","96.66","10.6","0.00647","155.9311083","149.9311083"
"FK165","0","90.56","3.548","95.16968412","12.418","127.437473","17.74","136.6568412","7.56","49.76","17.74","95.48","10.8","0.00696","154.6568412","148.6568412"
"FK170","0","89.2","3.76","93.80178478","13.16","126.0142782","18.8","135.2178478","7.7","49.15","18.8","94.3","11","0.00745","153.2178478","147.2178478"
"FK175","0","87.84","3.972","92.41929478","13.902","124.4743582","19.86","133.6329478","7.84","48.54","19.86","93.12","11.2","0.00794","151.6329478","145.6329478"
"FK180","0","86.48","4.184","91.02393321","14.644","122.8314657","20.92","131.9193321","7.98","47.93","20.92","91.94","11.4","0.00843","149.9193321","143.9193321"
"FK185","0","85.12","4.396","89.61726885","15.386","121.0981508","21.98","130.0926885","8.12","47.32","21.98","90.76","11.6","0.00892","148.0926885","142.0926885"
"FK190","0","83.76","4.608","88.20073175","16.128","119.285854","23.04","128.1673175","8.26","46.71","23.04","89.58","11.8","0.00941","146.1673175","140.1673175"
"FK195","0","82.4","4.82","86.77562415","16.87","117.4049932","24.1","126.1562415","8.4","46.1","24.1","88.4","12","0.0099","144.1562415","138.1562415"
"FK200","0","81.04","5.032","85.3431304","17.612","115.4650432","25.16","124.071304","8.54","45.49","25.16","87.22","12.2","0.01039","142.071304","136.071304"
"FK205","0","79.68","5.244","83.90432634","18.354","113.4746107","26.22","121.9232634","8.68","44.88","26.22","86.04","12.4","0.01088","139.9232634","133.9232634"
"FK210","0","78.32","5.456","82.46018781","19.096","111.4415025","27.28","119.7218781","8.82","44.27","27.28","84.86","12.6","0.01137","137.7218781","131.7218781"
"FK215","0","76.96","5.668","81.01159872","19.838","109.3727897","28.34","117.4759872","8.96","43.66","28.34","83.68","12.8","0.01186","135.4759872","129.4759872"
"GK145","0","90","3.2","94","11.2","122","16","130","7.7","52.2","16","100.2","11","0.007","148","142"
"GK150","0","88.96","3.416","92.98234","11.956","121.13872","17.08","129.1834","8.015","51.55","17.08","98.9","11.45","0.00764","147.1834","141.1834"
"GK155","0","87.92","3.632","91.94863256","12.712","120.1490605","18.16","128.2063256","8.33","50.9","18.16","97.6","11.9","0.00828","146.2063256","140.2063256"
"GK160","0","86.88","3.848","90.90066403","13.468","119.0453123","19.24","127.0866403","8.645","50.25","19.24","96.3","12.35","0.00892","145.0866403","139.0866403"
"GK165","0","85.84","4.064","89.84006753","14.224","117.8405403","20.32","125.8406753","8.96","49.6","20.32","95","12.8","0.00956","143.8406753","137.8406753"
"GK170","0","84.8","4.28","88.76833471","14.98","116.5466777","21.4","124.4833471","9.275","48.95","21.4","93.7","13.25","0.0102","142.4833471","136.4833471"
"GK175","0","83.76","4.496","87.68682667","15.736","115.1746134","22.48","123.0282667","9.59","48.3","22.48","92.4","13.7","0.01084","141.0282667","135.0282667"
"GK180","0","82.72","4.712","86.59678409","16.492","113.7342727","23.56","121.4878409","9.905","47.65","23.56","91.1","14.15","0.01148","139.4878409","133.4878409"
"GK185","0","81.68","4.928","85.4993366","17.248","112.2346928","24.64","119.873366","10.22","47","24.64","89.8","14.6","0.01212","137.873366","131.873366"
"GK190","0","80.64","5.144","84.39551152","18.004","110.6840921","25.72","118.1951152","10.535","46.35","25.72","88.5","15.05","0.01276","136.1951152","130.1951152"
"GK195","0","79.6","5.36","83.28624189","18.76","109.0899352","26.8","116.4624189","10.85","45.7","26.8","87.2","15.5","0.0134","134.4624189","128.4624189"
"GK200","0","78.56","5.576","82.17237401","19.516","107.4589921","27.88","114.6837401","11.165","45.05","27.88","85.9","15.95","0.01404","132.6837401","126.6837401"
"GK205","0","77.52","5.792","81.05467428","20.272","105.7973942","28.96","112.8667428","11.48","44.4","28.96","84.6","16.4","0.01468","130.8667428","124.8667428"
"GK210","0","76.48","6.008","79.93383569","21.028","104.1106855","30.04","111.0183569","11.795","43.75","30.04","83.3","16.85","0.01532","129.0183569","123.0183569"
"GK215","0","75.44","6.224","78.81048374","21.784","102.4038699","31.12","109.1448374","12.11","43.1","31.12","82","17.3","0.01596","127.1448374","121.1448374"
"IK145","0","96","2.7","100.2525","9.45","130.02","13.5","138.525","7.7","52.2","13.5","100.2","11","0.005","156.525","150.525"
"IK150","0","94.66","2.912","98.971216","10.192","129.149728","14.56","137.77216","7.868","51.59","14.56","98.99","11.24","0.00557","155.77216","149.77216"
"IK155","0","93.32","3.124","97.66757708","10.934","128.1006166","15.62","136.7957708","8.036","50.98","15.62","97.78","11.48","0.00614","154.7957708","148.7957708"
"IK160","0","91.98","3.336","96.34405445","11.676","126.8924356","16.68","135.6205445","8.204","50.37","16.68","96.57","11.72","0.00671","153.6205445","147.6205445"
"IK165","0","90.64","3.548","95.00290326","12.418","125.5432261","17.74","134.2690326","8.372","49.76","17.74","95.36","11.96","0.00728","152.2690326","146.2690326"
"IK170","0","89.3","3.76","93.64617962","13.16","124.069437","18.8","132.7617962","8.54","49.15","18.8","94.15","12.2","0.00785","150.7617962","144.7617962"
"IK175","0","87.96","3.972","92.27575636","13.902","122.4860509","19.86","131.1175636","8.708","48.54","19.86","92.94","12.44","0.00842","149.1175636","143.1175636"
"IK180","0","86.62","4.184","90.89333765","14.644","120.8067012","20.92","129.3533765","8.876","47.93","20.92","91.73","12.68","0.00899","147.3533765","141.3533765"
"IK185","0","85.28","4.396","89.50047246","15.386","119.0437797","21.98","127.4847246","9.044","47.32","21.98","90.52","12.92","0.00956","145.4847246","139.4847246"
"IK190","0","83.94","4.608","88.09856708","16.128","117.2085366","23.04","125.5256708","9.212","46.71","23.04","89.31","13.16","0.01013","143.5256708","137.5256708"
"IK195","0","82.6","4.82","86.68889664","16.87","115.3111731","24.1","123.4889664","9.38","46.1","24.1","88.1","13.4","0.0107","141.4889664","135.4889664"
"IK200","0","81.26","5.032","85.27261581","17.612","113.3609265","25.16","121.3861581","9.548","45.49","25.16","86.89","13.64","0.01127","139.3861581","133.3861581"
"IK205","0","79.92","5.244","83.85076866","18.354","111.3661492","26.22","119.2276866","9.716","44.88","26.22","85.68","13.88","0.01184","137.2276866","131.2276866"
"IK210","0","78.58","5.456","82.42429774","19.096","109.3343819","27.28","117.0229774","9.884","44.27","27.28","84.47","14.12","0.01241","135.0229774","129.0229774"
"IK215","0","77.24","5.668","80.99405257","19.838","107.2724206","28.34","114.7805257","10.052","43.66","28.34","83.26","14.36","0.01298","132.7805257","126.7805257"
"JK145","0","96","3.2","100","11.2","128","16","136","7.7","52.2","16","100.2","11","0.007","154","148"
"JK150","0","94.55","3.414","98.56145","11.949","126.6416","17.07","134.6645","7.91","51.58","17.07","99","11.3","0.00762","152.6645","146.6645"
"JK155","0","93.1","3.628","97.107126","12.698","125.157008","18.14","133.17126","8.12","50.96","18.14","97.8","11.6","0.00824","151.17126","145.17126"
"JK160","0","91.65","3.842","95.63887966","13.447","123.5610373","19.21","131.5387966","8.33","50.34","19.21","96.6","11.9","0.00886","149.5387966","143.5387966"
"JK165","0","90.2","4.056","94.15839723","14.196","121.8671778","20.28","129.7839723","8.54","49.72","20.28","95.4","12.2","0.00948","147.7839723","141.7839723"
"JK170","0","88.75","4.27","92.66721272","14.945","120.0877018","21.35","127.9221272","8.75","49.1","21.35","94.2","12.5","0.0101","145.9221272","139.9221272"
"JK175","0","87.3","4.484","91.16672012","15.694","118.233761","22.42","125.9672012","8.96","48.48","22.42","93","12.8","0.01072","143.9672012","137.9672012"
"JK180","0","85.85","4.698","89.65818467","16.443","116.3154774","23.49","123.9318467","9.17","47.86","23.49","91.8","13.1","0.01134","141.9318467","135.9318467"
"JK185","0","84.4","4.912","88.14275328","17.192","114.3420263","24.56","121.8275328","9.38","47.24","24.56","90.6","13.4","0.01196","139.8275328","133.8275328"
"JK190","0","82.95","5.126","86.6214642","17.941","112.3217136","25.63","119.664642","9.59","46.62","25.63","89.4","13.7","0.01258","137.664642","131.664642"
"JK195","0","81.5","5.34","85.09525589","18.69","110.2620471","26.7","117.4525589","9.8","46","26.7","88.2","14","0.0132","135.4525589","129.4525589"
"JK200","0","80.05","5.554","83.5649753","19.439","108.1698024","27.77","115.199753","10.01","45.38","27.77","87","14.3","0.01382","133.199753","127.199753"
"JK205","0","78.6","5.768","82.03138547","20.188","106.0510838","28.84","112.9138547","10.22","44.76","28.84","85.8","14.6","0.01444","130.9138547","124.9138547"
"JK210","0","77.15","5.982","80.4951725","20.937","103.91138","29.91","110.601725","10.43","44.14","29.91","84.6","14.9","0.01506","128.601725","122.601725"
"JK215","0","75.7","6.196","78.95695211","21.686","101.7556169","30.98","108.2695211","10.64","43.52","30.98","83.4","15.2","0.01568","126.2695211","120.2695211"
"RN145","0","104","5.52","112.28","19.32","170.24","27.6","186.8","5.6","52.2","27.6","112.2","8","0.003","204.8","198.8"
"RN150","0","102.2","5.76","110.4944","20.16","168.5552","28.8","185.144","5.915","51.7","28.8","110.2","8.45","0.003325","203.144","197.144"
"RN155","0","100.4","6","108.6944","21","166.7552","30","183.344","6.23","51.2","30","108.2","8.9","0.00365","201.344","195.344"
"RN160","0","98.6","6.24","106.881129","21.84","164.8490317","31.2","181.4112896","6.545","50.7","31.2","106.2","9.35","0.003975","199.4112896","193.4112896"
"RN165","0","96.8","6.48","105.0556486","22.68","162.8451885","32.4","179.3564856","6.86","50.2","32.4","104.2","9.8","0.0043","197.3564856","191.3564856"
"RN170","0","95","6.72","103.2189568","23.52","160.7516543","33.6","177.1895679","7.175","49.7","33.6","102.2","10.25","0.004625","195.1895679","189.1895679"
"RN175","0","93.2","6.96","101.3719913","24.36","158.5759306","34.8","174.9199132","7.49","49.2","34.8","100.2","10.7","0.00495","192.9199132","186.9199132"
"RN180","0","91.4","7.2","99.51563276","25.2","156.3250621","36","172.5563276","7.805","48.7","36","98.2","11.15","0.005275","190.5563276","184.5563276"
"RN185","0","89.6","7.44","95.20278935","26.04","134.4223148","37.2","145.6278935","8.12","48.2","37.2","96.2","11.6","0.006575","163.6278935","157.6278935"
"RN190","0","87.8","7.68","93.20090012","26.88","131.007201","38.4","141.8090012","8.435","47.7","38.4","94.2","12.05","0.007875","159.8090012","153.8090012"
"RN195","0","86","7.92","91.19874756","27.72","127.5899804","39.6","137.9874756","8.75","47.2","39.6","92.2","12.5","0.009175","155.9874756","149.9874756"
"RN200","0","84.2","8.16","89.19709006","28.56","124.1767205","40.8","134.1709006","9.065","46.7","40.8","90.2","12.95","0.010475","152.1709006","146.1709006"
"RN205","0","82.4","8.4","87.19659597","29.4","120.7727677","42","130.3659597","9.38","46.2","42","88.2","13.4","0.011775","148.3659597","142.3659597"
"RN210","0","80.6","8.64","85.19785164","30.24","117.3828131","43.2","126.5785164","9.695","45.7","43.2","86.2","13.85","0.013075","144.5785164","138.5785164"
"RN215","0","78.8","8.88","83.20136889","31.08","114.0109511","44.4","122.8136889","10.01","45.2","44.4","84.2","14.3","0.014375","140.8136889","134.8136889"
"RK145","0","98","2.8","102.2","9.8","131.6","14","140","5.6","52.2","14","100.2","8","0.003","158","152"
"RK150","0","96.9","3.04","101.2776","10.64","131.9208","15.2","140.676","5.915","51.7","15.2","98.2","8.45","0.003325","158.676","152.676"
"RK155","0","95.8","3.28","100.334272","11.48","132.074176","16.4","141.14272","6.23","51.2","16.4","96.2","8.9","0.00365","159.14272","153.14272"
"RK160","0","94.7","3.52","99.37140608","12.32","132.0712486","17.6","141.4140608","6.545","50.7","17.6","94.2","9.35","0.003975","159.4140608","153.4140608"
"RK165","0","93.6","3.76","98.3903146","13.16","131.9225168","18.8","141.503146","6.86","50.2","18.8","92.2","9.8","0.0043","159.503146","153.503146"
"RK170","0","92.5","4","97.39223619","14","131.6378895","20","141.4223619","7.175","49.7","20","90.2","10.25","0.004625","159.4223619","153.4223619"
"RK175","0","91.4","4.24","96.37833954","14.84","131.2267163","21.2","141.1833954","7.49","49.2","21.2","88.2","10.7","0.00495","159.1833954","153.1833954"
"RK180","0","90.3","4.48","95.34972705","15.68","130.6978164","22.4","140.7972705","7.805","48.7","22.4","86.2","11.15","0.005275","158.7972705","152.7972705"
"RK185","0","89.2","4.72","92.54111342","16.52","115.9289073","23.6","122.6111342","8.12","48.2","23.6","84.2","11.6","0.006575","140.6111342","134.6111342"
"RK190","0","88.1","4.96","91.41432855","17.36","114.6146284","24.8","121.2432855","8.435","47.7","24.8","82.2","12.05","0.007875","139.2432855","133.2432855"
"RK195","0","87","5.2","90.27719455","18.2","113.2175564","26","119.7719455","8.75","47.2","26","80.2","12.5","0.009175","137.7719455","131.7719455"
"RK200","0","85.9","5.44","89.13090725","19.04","111.747258","27.2","118.2090725","9.065","46.7","27.2","78.2","12.95","0.010475","136.2090725","130.2090725"
"RK205","0","84.8","5.68","87.97656347","19.88","110.2125078","28.4","116.5656347","9.38","46.2","28.4","76.2","13.4","0.011775","134.5656347","128.5656347"
"RK210","0","83.7","5.92","86.8151683","20.72","108.6213464","29.6","114.851683","9.695","45.7","29.6","74.2","13.85","0.013075","132.851683","126.851683"
"RK215","0","82.6","6.16","85.64764175","21.56","106.981134","30.8","113.0764175","10.01","45.2","30.8","72.2","14.3","0.014375","131.0764175","125.0764175"
"SwK145","0","95","2.8","99.27","9.8","129.16","14","137.7","7.7","52.2","14","100.2","11","0.007","155.7","149.7"
"SwK150","0","93.65","3.012","97.9585154","10.542","128.1181232","15.06","136.735154","7.945","51.58","15.06","98.95","11.35","0.00768","154.735154","148.735154"
"SwK155","0","92.3","3.224","96.62584101","11.284","126.9067281","16.12","135.5584101","8.19","50.96","16.12","97.7","11.7","0.00836","153.5584101","147.5584101"
"SwK160","0","90.95","3.436","95.27445631","12.026","125.5456505","17.18","134.1945631","8.435","50.34","17.18","96.45","12.05","0.00904","152.1945631","146.1945631"
"SwK165","0","89.6","3.648","93.90661478","12.768","124.0529183","18.24","132.6661478","8.68","49.72","18.24","95.2","12.4","0.00972","150.6661478","144.6661478"
"SwK170","0","88.25","3.86","92.52436239","13.51","122.4448992","19.3","130.9936239","8.925","49.1","19.3","93.95","12.75","0.0104","148.9936239","142.9936239"
"SwK175","0","86.9","4.072","91.12955467","14.252","120.7364374","20.36","129.1955467","9.17","48.48","20.36","92.7","13.1","0.01108","147.1955467","141.1955467"
"SwK180","0","85.55","4.284","89.72387246","14.994","118.9409797","21.42","127.2887246","9.415","47.86","21.42","91.45","13.45","0.01176","145.2887246","139.2887246"
"SwK185","0","84.2","4.496","88.30883644","15.736","117.0706915","22.48","125.2883644","9.66","47.24","22.48","90.2","13.8","0.01244","143.2883644","137.2883644"
"SwK190","0","82.85","4.708","86.88582051","16.478","115.1365641","23.54","123.2082051","9.905","46.62","23.54","88.95","14.15","0.01312","141.2082051","135.2082051"
"SwK195","0","81.5","4.92","85.45606419","17.22","113.1485136","24.6","121.0606419","10.15","46","24.6","87.7","14.5","0.0138","139.0606419","133.0606419"
"SwK200","0","80.15","5.132","84.02068397","17.962","111.1154717","25.66","118.8568397","10.395","45.38","25.66","86.45","14.85","0.01448","136.8568397","130.8568397"
"SwK205","0","78.8","5.344","82.58068378","18.704","109.0454702","26.72","116.6068378","10.64","44.76","26.72","85.2","15.2","0.01516","134.6068378","128.6068378"
"SwK210","0","77.45","5.556","81.1369647","19.446","106.9457176","27.78","114.319647","10.885","44.14","27.78","83.95","15.55","0.01584","132.319647","126.319647"
"SwK215","0","76.1","5.768","79.69033384","20.188","104.8226707","28.84","112.0033384","11.13","43.52","28.84","82.7","15.9","0.01652","130.0033384","124.0033384"
